{"1": {"1": {"1": 0.9036800312910445, "4": 0.02307492293913581, "2": 0.01879018332374008, "3": 0.05445486244607962}, "3": {"4": 0.03786889527291721, "2": 0.17754457608205323, "3": 0.5297371732472281, "1": 0.25484935539780146}, "2": {"2": 0.8322833766606593, "4": 0.06830832044146026, "3": 0.04593228178178976, "1": 0.05347602111609065}, "4": {"4": 0.760572007444578, "2": 0.12309468278087969, "1": 0.0888873183028247, "3": 0.02744599147171767}}, "2": {"2": {"2": 0.9372739717375876, "3": 0.02200451571798907, "4": 0.03480445476157891, "1": 0.005917057782844376}, "3": {"2": 0.6068963697762769, "3": 0.3059254959898691, "1": 0.03945757703672435, "4": 0.04772055719712959}, "4": {"2": 0.35328019448538917, "4": 0.609157020405597, "1": 0.01825046979678233, "3": 0.019312315312231484}, "1": {"2": 0.24163734852292398, "3": 0.19484000670129, "1": 0.4721617244652929, "4": 0.0913609203104931}}, "3": {"2": {"2": 0.8588973617940332, "3": 0.08968838100633329, "4": 0.03866801800406287, "1": 0.012746239195570682}, "3": {"3": 0.8237991769994011, "2": 0.11238047980586024, "4": 0.020573076677062395, "1": 0.04324726651767629}, "1": {"3": 0.3174942988783916, "1": 0.5701819704937869, "2": 0.08118862568064411, "4": 0.031135104947177365}, "4": {"2": 0.2439767010855176, "3": 0.10828700026476039, "4": 0.596328655899744, "1": 0.05140764274997794}}, "4": {"2": {"2": 0.6419222010075682, "3": 0.01827132403838714, "4": 0.33084961552215586, "1": 0.008956859431888762}, "4": {"2": 0.0808043835027434, "4": 0.897975882580247, "3": 0.00626148487170767, "1": 0.014958249045301941}, "1": {"4": 0.3557302720432182, "1": 0.5008199884236928, "2": 0.07891182712714644, "3": 0.0645379124059425}, "3": {"2": 0.36964074058936525, "4": 0.1313606081661013, "1": 0.0651898475497609, "3": 0.43380880369477254}}}